{
   "997396": [
      {
         "WBAN": 99999,
         "YRMODAHRMN": 200507191100,
         "DIR": "090",
         "SPD": "18",
         "GUS": "***",
         "CLG": "***",
         "SKC": "***",
         "L": "*",
         "M": "*",
         "H": "*",
         "VSB": "****",
         "MW": "**",
         "AW": "**",
         "W": "*",
         "TEMP": "82",
         "DEWP": "76",
         "SLP": "1015.4",
         "ALT": "*****",
         "STP": "******",
         "MAX": "***",
         "MIN": "***",
         "PCP01": "*****",
         "PCP06": "*****",
         "PCP24": "*****",
         "PCPXX": "*****",
         "SD": "**"
      },
      {
         "WBAN": 99999,
         "YRMODAHRMN": 200507191100,
         "DIR": "090",
         "SPD": "18",
         "GUS": "***",
         "CLG": "***",
         "SKC": "***",
         "L": "*",
         "M": "*",
         "H": "*",
         "VSB": "****",
         "MW": "**",
         "AW": "**",
         "W": "*",
         "TEMP": "82",
         "DEWP": "76",
         "SLP": "1015.4",
         "ALT": "*****",
         "STP": "******",
         "MAX": "***",
         "MIN": "***",
         "PCP01": "*****",
         "PCP06": "*****",
         "PCP24": "*****",
         "PCPXX": "*****",
         "SD": "**"
      }
   ],
   "396997": [
      {
         "WBAN": 99999,
         "YRMODAHRMN": 200507191100,
         "DIR": "090",
         "SPD": "18",
         "GUS": "***",
         "CLG": "***",
         "SKC": "***",
         "L": "*",
         "M": "*",
         "H": "*",
         "VSB": "****",
         "MW": "**",
         "AW": "**",
         "W": "*",
         "TEMP": "82",
         "DEWP": "76",
         "SLP": "1015.4",
         "ALT": "*****",
         "STP": "******",
         "MAX": "***",
         "MIN": "***",
         "PCP01": "*****",
         "PCP06": "*****",
         "PCP24": "*****",
         "PCPXX": "*****",
         "SD": "**"
      },
      {
         "WBAN": 99999,
         "YRMODAHRMN": 200507191200,
         "DIR": "100",
         "SPD": "16",
         "GUS": "***",
         "CLG": "***",
         "SKC": "***",
         "L": "*",
         "M": "*",
         "H": "*",
         "VSB": "****",
         "MW": "**",
         "AW": "**",
         "W": "*",
         "TEMP": "83",
         "DEWP": "76",
         "SLP": "1015.9",
         "ALT": "*****",
         "STP": "******",
         "MAX": "***",
         "MIN": "***",
         "PCP01": "*****",
         "PCP06": "*****",
         "PCP24": "*****",
         "PCPXX": "*****",
         "SD": "**"
      }
   ]
}